{"cameraMode":{"drawMode":0,"name":"Shaded","section":"Shading Mode"},"sceneLighting":false,"audioPlay":false,"sceneViewState":{"showFog":true,"showMaterialUpdate":false,"showSkybox":true,"showFlares":true,"showImageEffects":true,"showParticleSystems":true},"in2DMode":false,"pivot":{"x":-8.76379108428955,"y":-0.7378244996070862,"z":13.19468879699707},"rotation":{"x":0.039908818900585178,"y":-0.39919281005859377,"z":0.01739332638680935,"w":0.9158329367637634},"size":25.105653762817384,"orthographic":false}