{"cameraMode":{"drawMode":0,"name":"Shaded","section":"Shading Mode"},"sceneLighting":false,"audioPlay":false,"sceneViewState":{"showFog":true,"showMaterialUpdate":false,"showSkybox":true,"showFlares":true,"showImageEffects":true,"showParticleSystems":true},"in2DMode":false,"pivot":{"x":36.136173248291019,"y":30.65465545654297,"z":11.973115921020508},"rotation":{"x":-0.20051784813404084,"y":-0.24280066788196565,"z":0.051369808614254,"w":-0.9477350115776062},"size":49.81056594848633,"orthographic":false}