{"cameraMode":{"drawMode":0,"name":"Shaded","section":"Shading Mode"},"sceneLighting":false,"audioPlay":false,"sceneViewState":{"showFog":true,"showMaterialUpdate":false,"showSkybox":true,"showFlares":true,"showImageEffects":true,"showParticleSystems":true},"in2DMode":false,"pivot":{"x":-0.027856370434165,"y":-0.6015658974647522,"z":8.489141464233399},"rotation":{"x":0.04206195846199989,"y":-0.022711891680955888,"z":0.0015968404477462173,"w":0.9991175532341003},"size":13.517093658447266,"orthographic":false}