{"cameraMode":{"drawMode":0,"name":"Shaded","section":"Shading Mode"},"sceneLighting":false,"audioPlay":false,"sceneViewState":{"showFog":true,"showMaterialUpdate":false,"showSkybox":true,"showFlares":true,"showImageEffects":true,"showParticleSystems":true},"in2DMode":false,"pivot":{"x":-2.1600003242492677,"y":-6.891451835632324,"z":0.6600000858306885},"rotation":{"x":0.002313567791134119,"y":-0.9629191756248474,"z":0.26969635486602785,"w":0.008276675827801228},"size":34.519874572753909,"orthographic":false}