{"cameraMode":{"drawMode":0,"name":"Shaded","section":"Shading Mode"},"sceneLighting":true,"audioPlay":false,"sceneViewState":{"showFog":true,"showMaterialUpdate":true,"showSkybox":true,"showFlares":true,"showImageEffects":true,"showParticleSystems":true},"in2DMode":false,"pivot":{"x":4.068838596343994,"y":-22.252445220947267,"z":13.766985893249512},"rotation":{"x":-0.23828338086605073,"y":-0.6480306386947632,"z":0.2220626026391983,"w":-0.6891905069351196},"size":10.712079048156739,"orthographic":false}